{
    "dragons": [
        {
            "id": 1,
            "name": "Common Welsh Green.",
            "age": 200
        },
        {
            "id": 2,
            "name": "Hebridean Black.",
            "age": 56
        },
        {
            "id": 3,
            "name": "Hydra",
            "age": 56
        },
        {
            "id": 4,
            "name": "Libelle",
            "age": 300
        },
        {
            "id": 5,
            "name": "Kayda",
            "age": 450
        },
        {
            "id": 6,
            "name": "Dalinda",
            "age": 2000
        },
        {
            "id": 7,
            "name": "Nuri",
            "age": 4
        },
        {
            "id": 8,
            "name": "Kimba",
            "age": 10
        },
        {
            "id": 9,
            "name": "Pachua",
            "age": 500
        }
    ]
}